ID,Type,Experiment,Plate,Treatment,is_low,Ct_Mean_bac,Ct_SD_bac,bac_copies,total_counts,sum_present
1-s0,aliquot,1,2,SW,,NA,NA,NA,17423,NA
1-s3,aliquot,1,2,SW,,NA,NA,NA,816,NA
a1-0,bacteria,1,2,A1,,19.5133991241455,0.150592729449272,184519867.101263,22163,13
a1-3,bacteria,1,2,A1,,18.652717590332,0.209995970129967,330883010.839814,88289,13
a2-0,bacteria,1,2,A2,,20.3674926757812,0.138974457979202,103360163.488156,15758,13
a2-3,bacteria,1,2,A2,,19.9191417694092,0.215663820505142,140112280.781836,9974,13
a3-0,bacteria,1,2,A3,,21.0120067596436,0.127615138888359,66745733.1662315,3827,12
a3-3,bacteria,1,2,A3,,20.1228580474854,0.0964386761188507,122023573.805164,18721,13
b1-0,bacteria,1,2,B1,,21.4081287384033,0.98066383600235,51014267.9786745,3055,12
b1-3,bacteria,1,2,B1,,21.8370971679688,0.198712676763535,38131193.6694041,2006,12
b2-0,bacteria,1,2,B2,,21.0619812011719,0.115534625947475,64520349.0825372,62050,13
b2-3,bacteria,1,2,B2,,22.8215770721436,0.159355580806732,19550926.4145711,7394,13
b3-0,bacteria,1,2,B3,,20.6179161071777,0.114674121141434,87208085.4049697,10352,12
b3-3,bacteria,1,2,B3,,20.0069694519043,0.0569895170629025,132006269.910085,3146,12
1-1_1,bee,1,1,A1-0,,14.5853204727173,0.376679629087448,5227355002.61911,5802,11
1-1_10,bee,1,1,A1-0,,18.2568302154541,0.192042469978333,432849761.95765,30585,11
1-1_2,bee,1,1,A1-0,,13.7645711898804,0.125823497772217,9123171326.03513,3635,12
1-1_3,bee,1,1,A1-0,,13.6477289199829,0.334692716598511,9875922762.33853,78342,12
1-1_4,bee,1,1,A1-0,,14.26624584198,0.149110376834869,6490961316.77266,16500,10
1-1_5,bee,1,1,A1-0,,15.4612121582031,0.0964782759547234,2885150225.0442,52853,11
1-1_6,bee,1,1,A1-0,,13.8195037841797,0.0335670225322247,8789373700.0574,28486,11
1-1_7,bee,1,1,A1-0,,12.9201631546021,0.0747730433940887,16180114256.7983,6051,11
1-1_8,bee,1,1,A1-0,,12.9360094070435,0.113493241369724,16007072259.3375,2221,11
1-1_9,bee,1,1,A1-0,,14.0914182662964,0.0738101154565811,7308501981.52387,31939,12
1-3_1,bee,1,1,A1-B1,,13.2059965133667,0.0352266579866409,13327549876.3407,2256,15
1-3_10,bee,1,1,A1-B1,,14.6631774902344,0.147337257862091,4958365914.81048,28527,20
1-3_2,bee,1,1,A1-B1,,14.6007032394409,0.36343064904213,5173076484.1071,57854,20
1-3_3,bee,1,1,A1-B1,,13.8352327346802,0.117835149168968,8696065826.18197,55509,20
1-3_4,bee,1,1,A1-B1,,13.271728515625,0.179876372218132,12746177868.8982,35244,20
1-3_5,bee,1,1,A1-B1,,15.3214502334595,0.0697772055864334,3172155006.79945,6768,15
1-3_6,bee,1,1,A1-B1,,14.9568481445312,0.192127779126167,4062541025.07993,3345,11
1-3_7,bee,1,1,A1-B1,,13.9141235351562,0.0600693672895432,8242799856.61206,14692,19
1-3_9,bee,1,1,A1-B1,,14.9560356140137,0.259837090969086,4064781464.88559,16311,14
1-3_8,bee,1,1,A1-B1,yes,27.5793476104736,11.9196348190308,774668.687808319,2083,14
1-5_1,bee,1,1,A2-0,,14.3553466796875,0.0205203257501125,6110154556.26077,1267,11
1-5_10,bee,1,1,A2-0,,12.7837114334106,0.156731128692627,17749743487.4386,791,6
1-5_2,bee,1,1,A2-0,,13.8946418762207,0.0952312275767326,8352485669.3439,1081,10
1-5_3,bee,1,1,A2-0,,15.5323028564453,0.0643982142210007,2749279876.23293,22300,15
1-5_4,bee,1,1,A2-0,,13.2178497314453,0.0422051846981049,13220787708.9405,10115,13
1-5_5,bee,1,1,A2-0,,15.5132398605347,0.0330082662403584,2785072872.32838,2487,13
1-5_6,bee,1,1,A2-0,,13.4932794570923,0.052387073636055,10967101821.1836,12679,12
1-5_7,bee,1,1,A2-0,,12.5364151000977,0.0539884455502033,20992637324.9562,11819,13
1-5_8,bee,1,1,A2-0,,13.6998825073242,0.131519541144371,9532541839.9697,36480,12
1-5_9,bee,1,1,A2-0,,14.1717300415039,0.220068797469139,6920883887.97896,2320,7
1-7_1,bee,1,1,A2-B2,,14.1319704055786,0.14792113006115,7110140718.06788,3159,14
1-7_10,bee,1,1,A2-B2,,16.0087966918945,0.149274602532387,1989768692.73812,1817,11
1-7_2,bee,1,1,A2-B2,,14.0872383117676,0.207588478922844,7329260295.32567,3029,15
1-7_3,bee,1,1,A2-B2,,13.8716516494751,0.20294164121151,8483804487.67665,3695,13
1-7_4,bee,1,1,A2-B2,,13.8709363937378,0.0511041581630707,8487922934.91454,2703,14
1-7_5,bee,1,1,A2-B2,,14.0637636184692,0.0485627464950085,7446939470.39645,2106,13
1-7_6,bee,1,1,A2-B2,,13.1175117492676,0.0558125078678131,14152253295.0795,1618,12
1-7_7,bee,1,1,A2-B2,,13.1950387954712,0.0514657646417618,13427012999.3196,6909,13
1-7_8,bee,1,1,A2-B2,,13.5585298538208,0.0388382151722908,10492125010.51,2386,15
1-7_9,bee,1,1,A2-B2,,14.594165802002,0.0104020917788148,5196074806.71071,1560,10
1-9_1,bee,1,2,A3-0,,14.808952331543,0.217660441994667,4491389067.63565,9189,14
1-9_3,bee,1,2,A3-0,,14.7871656417847,0.385004490613937,4558279209.47412,2933,11
1-9_5,bee,1,2,A3-0,,14.8748369216919,0.0810926035046577,4295021776.20687,5339,12
1-9_6,bee,1,2,A3-0,,14.6365060806274,0.107872880995274,5048917578.86235,4260,11
1-9_7,bee,1,2,A3-0,,14.81871509552,0.162715345621109,4461734479.52849,4412,12
1-9_8,bee,1,2,A3-0,,14.3056211471558,0.149381011724472,6319833623.75916,7263,12
1-9_9,bee,1,2,A3-0,,14.6234350204468,0.303133130073547,5093896865.63111,1679,11
1-9_10,bee,1,2,A3-0,yes,33.9982223510742,1.83176934719086,9943.96239140027,4925,10
1-9_2,bee,1,2,A3-0,yes,14.8026094436646,0.147449299693108,4510761258.61868,131,1
1-9_4,bee,1,2,A3-0,yes,14.1064910888672,0.150440856814384,7234135012.42987,132,1
1-11_1,bee,1,2,A3-B3,,15.4429359436035,0.171757027506828,2921152210.60642,1937,17
1-11_2,bee,1,2,A3-B3,,14.7470331192017,0.267555892467499,4684113838.33742,4506,18
1-11_3,bee,1,2,A3-B3,,14.5754022598267,0.0888968631625175,5262653298.20769,1737,14
1-11_4,bee,1,2,A3-B3,,14.9661178588867,0.184678718447685,4037068317.54084,5088,12
1-11_5,bee,1,2,A3-B3,,15.2812356948853,0.212526634335518,3259906076.72536,6902,13
1-11_7,bee,1,2,A3-B3,,16.360954284668,0.236202493309975,1566846533.53472,11299,19
1-11_8,bee,1,2,A3-B3,,17.83740234375,0.195275172591209,575356424.255748,8387,14
1-11_6,bee,1,2,A3-B3,yes,13.8924207687378,0.0501672513782978,8365083295.99887,0,0
1-2_1,bee,1,1,B1-0,,13.7238187789917,0.0145048890262842,9378967286.26455,2457,12
1-2_10,bee,1,1,B1-0,,16.7306957244873,0.150871738791466,1219182174.71253,2548,11
1-2_2,bee,1,1,B1-0,,15.3848066329956,0.114591740071774,3038674052.44006,2627,11
1-2_3,bee,1,1,B1-0,,14.1991910934448,0.058259516954422,6793117997.62074,2629,11
1-2_4,bee,1,1,B1-0,,14.8397569656372,0.148981779813766,4398483467.35374,20160,12
1-2_5,bee,1,1,B1-0,,14.4834814071655,0.061175461858511,5601348648.07706,10896,11
1-2_6,bee,1,1,B1-0,,13.6449241638184,0.269271999597549,9894735943.437,3797,12
1-2_7,bee,1,1,B1-0,,14.2782745361328,0.116048134863377,6438197953.1406,11599,12
1-2_8,bee,1,1,B1-0,,15.1285133361816,0.464845389127731,3615849316.8716,6911,12
1-2_9,bee,1,1,B1-0,,17.3012027740479,0.149434223771095,827842670.087893,3252,10
1-4_1,bee,1,1,B1-A1,,14.6721658706665,0.080101415514946,4928216948.46833,1731,13
1-4_10,bee,1,1,B1-A1,,14.4260902404785,0.113591723144054,5823780725.38713,1487,19
1-4_2,bee,1,1,B1-A1,,14.9122543334961,0.304096281528473,4187347072.46485,2209,17
1-4_3,bee,1,1,B1-A1,,13.2689085006714,0.0707444697618484,12770590977.0453,2073,6
1-4_4,bee,1,1,B1-A1,,12.705340385437,0.0806579366326332,18719186911.2102,4062,19
1-4_5,bee,1,1,B1-A1,,20.3972415924072,0.0605108328163624,101294666.699382,4435,15
1-4_6,bee,1,1,B1-A1,,14.1069059371948,0.0625583827495575,7232098950.69329,62409,20
1-4_7,bee,1,1,B1-A1,,14.9487762451172,0.156177863478661,4084853076.22918,17936,18
1-4_8,bee,1,1,B1-A1,,14.090537071228,0.0850531682372093,7312873238.96069,4145,10
1-4_9,bee,1,1,B1-A1,,15.0606832504272,0.114706449210644,3786159824.7599,912,13
1-6_1,bee,1,1,B2-0,,14.4692964553833,0.0623130314052105,5655522325.34259,3794,11
1-6_10,bee,1,1,B2-0,,13.4253616333008,0.277007818222046,11484348151.7747,1900,12
1-6_2,bee,1,1,B2-0,,13.904107093811,0.0837083160877228,8299013406.405,2264,11
1-6_3,bee,1,1,B2-0,,14.7294359207153,0.0666575729846954,4740379378.92815,1253,6
1-6_4,bee,1,1,B2-0,,17.3302097320557,0.0444589294493198,811708035.449071,24537,12
1-6_5,bee,1,1,B2-0,,15.2337045669556,0.0472626425325871,3366757801.47796,16161,12
1-6_6,bee,1,1,B2-0,,14.6993637084961,0.0901991948485374,4838101540.34898,37760,12
1-6_7,bee,1,1,B2-0,,13.17542552948,0.0531573556363583,13606899481.388,7488,13
1-6_8,bee,1,1,B2-0,,12.8703498840332,0.0412663035094738,16736355361.9058,3247,11
1-6_9,bee,1,1,B2-0,,15.1377439498901,0.105258226394653,3593272762.86856,1210,11
1-8_1,bee,1,2,B2-A2,,13.8721494674683,0.0253772474825382,8480939227.88303,1456,13
1-8_2,bee,1,2,B2-A2,,14.767128944397,0.170492991805077,4620675503.15122,2364,11
1-8_3,bee,1,2,B2-A2,,14.9660902023315,0.188875675201416,4037144078.30927,3006,16
1-8_4,bee,1,2,B2-A2,,15.200611114502,0.159469112753868,3443214455.50317,1019,10
1-8_5,bee,1,2,B2-A2,,15.7794942855835,0.0847064107656479,2324742982.38019,1640,9
1-8_6,bee,1,2,B2-A2,,14.8115243911743,0.260726422071457,4483557316.06977,3520,18
1-8_7,bee,1,2,B2-A2,,14.5337476730347,0.352156460285187,5413520794.7335,4736,16
1-8_8,bee,1,2,B2-A2,,15.4417314529419,0.156706571578979,2923540633.48492,348353,23
1-8_9,bee,1,2,B2-A2,,15.5251607894897,0.115455374121666,2762635732.72131,9959,14
1-10_1,bee,1,2,B3-0,,14.8716650009155,0.311870098114014,4304275813.79861,2475,12
1-10_2,bee,1,2,B3-0,,15.1026601791382,0.188833311200142,3679839724.85647,7740,12
1-10_3,bee,1,2,B3-0,,14.9339876174927,0.0526837147772312,4126049664.78883,5618,11
1-10_4,bee,1,2,B3-0,,15.0431861877441,0.0348785296082497,3831378811.74726,7213,12
1-10_5,bee,1,2,B3-0,,15.9552803039551,0.0267145615071058,2063351210.22087,2746,12
1-10_6,bee,1,2,B3-0,,14.7724714279175,0.0299862027168274,4603955443.10999,2844,10
1-10_7,bee,1,2,B3-0,,15.7021064758301,0.112338468432426,2450079055.81069,10790,12
1-10_8,bee,1,2,B3-0,,15.5785264968872,0.0342911183834076,2664387973.27241,3384,13
1-10_9,bee,1,2,B3-0,,16.4379825592041,0.331977546215057,1487055778.44156,1452,10
1-10_10,bee,1,2,B3-0,yes,35.3528480529785,0.573002994060516,3966.15239849199,2489,12
1-12_1,bee,1,2,B3-A3,,15.6279983520508,0.165188163518906,2576432510.58137,1447,13
1-12_10,bee,1,2,B3-A3,,15.2309303283691,0.00162720552179962,3373101472.09906,995,11
1-12_2,bee,1,2,B3-A3,,15.1939735412598,0.104849338531494,3458757206.194,2207,14
1-12_3,bee,1,2,B3-A3,,15.0179891586304,0.855610072612762,3897447920.26173,1481,16
1-12_4,bee,1,2,B3-A3,,16.2576160430908,0.0157071705907583,1680656109.90906,9960,12
1-12_5,bee,1,2,B3-A3,,14.0128316879272,0.177599340677261,7708800074.94261,4855,17
1-12_6,bee,1,2,B3-A3,,15.131103515625,0.0936229228973389,3609499887.4659,18671,18
1-12_7,bee,1,2,B3-A3,,14.5964002609253,0.331697970628738,5188202632.58504,7429,17
1-12_8,bee,1,2,B3-A3,,14.9186334609985,0.0611056461930275,4169261312.11629,1202,12
1-12_9,bee,1,2,B3-A3,,15.3058309555054,0.234232023358345,3205953309.84387,4473,13
1-0_1,bee,1,1,MD,,25.4249095916748,0.307667315006256,3341950.93177068,6,2
1-0_2,bee,1,1,MD,,24.7192001342773,0.181299522519112,5394649.17387029,166,7
1-0_3,bee,1,1,MD,,26.9022216796875,0.0747106149792671,1226467.25279545,16,4
1-0_4,bee,1,1,MD,,25.839485168457,0.239905059337616,2522494.29007731,15,5
1-0_5,bee,1,1,MD,,23.7908916473389,0.152184352278709,10127990.8682717,2,1
1-0_6,bee,1,1,MD,,26.7194366455078,0.129280969500542,1388418.08355933,18,3
1-0_7,bee,1,1,MD,,21.7606430053711,0.139349192380905,40161545.7619931,28,4
1-0_8,bee,1,1,MD,,23.0854568481445,0.0721549987792969,16345774.4043329,7,3
1-0_9,bee,1,1,MD,,21.6141910552979,0.120481096208096,44357580.6285638,2056,4
eb-1,blank,1,1,extraction_blank,,32.3359069824219,0.207231432199478,30720.0259053119,10,4
eb-2,blank,1,2,extraction_blank,,28.7085037231445,0.130167990922928,360054.960801449,325,14
a4-0,bacteria,2,4,A4,,21.092306137085,0.0583237856626511,63206298.1527553,2969,12
a4-3,bacteria,2,4,A4,,20.4736976623535,0.172020226716995,96173627.8180069,22610,13
a5-0,bacteria,2,4,A5,,NA,NA,NA,32289,NA
a5-3,bacteria,2,4,A5,,20.1266536712646,0.0456344671547413,121709708.09475,892,9
a6-0,bacteria,2,4,A6,,20.7716369628906,0.460386246442795,78570093.8500436,1134,10
a6-3,bacteria,2,4,A6,,20.1902523040771,0.0588186606764793,116569129.794908,24957,13
b4-0,bacteria,2,4,B4,,21.1294288635254,0.179265856742859,61634061.092384,1,0
b4-3,bacteria,2,4,B4,,21.2496681213379,0.0128364553675056,56805172.5676936,22703,13
b5-0,bacteria,2,4,B5,,21.4137020111084,0.0915198028087616,50821711.941278,60816,13
b5-3,bacteria,2,4,B5,,NA,NA,NA,47399,NA
b6-0,bacteria,2,4,B6,,21.9796390533447,0.292392462491989,34615867.0143175,17762,13
b6-3,bacteria,2,4,B6,,20.630838394165,0.301938325166702,86446761.2220143,20839,13
2-1_1,bee,2,3,A4-0,,13.3260774612427,0.316040694713593,12284686199.1866,5200,11
2-1_2,bee,2,3,A4-0,,14.2459573745728,0.10485877841711,6580937418.7829,8460,12
2-1_3,bee,2,3,A4-0,,15.0571336746216,0.0600538700819016,3795289905.58326,8820,11
2-1_4,bee,2,3,A4-0,,14.8687591552734,0.0855827033519745,4312771079.63437,6374,12
2-1_5,bee,2,3,A4-0,,14.8980903625488,0.0675416812300682,4227784985.78136,5442,11
2-1_6,bee,2,3,A4-0,,14.1621351242065,0.0648182481527328,6966089611.57617,8930,12
2-1_7,bee,2,3,A4-0,,16.3011150360107,0.263714194297791,1631775045.71527,4100,8
2-1_8,bee,2,3,A4-0,,14.332893371582,0.0841032788157463,6203958519.82673,7404,11
2-1_9,bee,2,3,A4-0,,17.1649303436279,0.458102256059647,908041025.09925,13644,11
2-3_1,bee,2,3,A4-B4,,22.6512584686279,10.0153884887695,21946130.4039737,5433,17
2-3_10,bee,2,3,A4-B4,,16.7691631317139,0.218232810497284,1187771154.28827,10259,13
2-3_2,bee,2,3,A4-B4,,13.3450241088867,0.0756867751479149,12127764180.153,5011,13
2-3_3,bee,2,3,A4-B4,,16.0693607330322,0.0510729365050793,1909656170.54416,20597,12
2-3_4,bee,2,3,A4-B4,,14.2360391616821,0.0867108181118965,6625375930.06475,1872,12
2-3_5,bee,2,3,A4-B4,,13.9965543746948,0.0435274466872215,7794414348.62828,6940,18
2-3_6,bee,2,3,A4-B4,,20.5008754730225,6.42191505432129,94416318.2837805,4689,11
2-3_7,bee,2,3,A4-B4,,16.96510887146,0.0162547193467617,1039896664.95996,7445,16
2-3_8,bee,2,3,A4-B4,,16.7407169342041,0.437066495418549,1210920099.46225,12372,14
2-3_9,bee,2,3,A4-B4,,15.7732439041138,0.465985268354416,2334623480.93756,1751,12
2-5_1,bee,2,3,A5-0,,15.3792104721069,1.38892495632172,3050234515.7473,4326,12
2-5_2,bee,2,3,A5-0,,14.3585405349731,0.233799934387207,6096927200.50015,9453,7
2-5_3,bee,2,3,A5-0,,14.1622314453125,0.0693145617842674,6965634338.00742,7575,8
2-5_4,bee,2,3,A5-0,,16.7885513305664,0.129226610064507,1172247542.89963,39368,13
2-5_6,bee,2,3,A5-0,,16.3961696624756,0.199440136551857,1529850385.59811,2961,11
2-5_7,bee,2,3,A5-0,,18.5401706695557,0.0390005484223366,357141683.169916,10052,11
2-5_5,bee,2,3,A5-0,yes,17.8689403533936,0.197330638766289,563174700.889494,49,2
2-7_1,bee,2,3,A5-B5,,14.5318489074707,1.24495482444763,5420500017.63639,11507,20
2-7_2,bee,2,3,A5-B5,,16.6250095367432,0.103167653083801,1309823898.90522,7131,15
2-7_3,bee,2,3,A5-B5,,14.0214910507202,0.0797000825405121,7663638034.4459,11118,14
2-7_4,bee,2,3,A5-B5,,15.0813455581665,0.0912838876247406,3733447401.10442,8922,15
2-7_6,bee,2,3,A5-B5,,15.0639696121216,0.0480043292045593,3777726355.19893,6846,13
2-7_7,bee,2,3,A5-B5,,17.9865875244141,0.196218937635422,519964973.760345,4372,16
2-7_8,bee,2,3,A5-B5,,16.3320465087891,0.444026827812195,1597883808.40294,8377,12
2-7_9,bee,2,3,A5-B5,,12.492636680603,0.0868312120437622,21625587637.7703,4634,16
2-7_5,bee,2,3,A5-B5,yes,14.8789014816284,0.189858198165894,4283192551.91008,130,1
2-9_1,bee,2,4,A6-0,,11.6768751144409,0.294489622116089,37615075654.4926,5251,12
2-9_2,bee,2,4,A6-0,,17.1967468261719,0.161797270178795,888647612.577313,3943,12
2-9_3,bee,2,4,A6-0,,13.8190841674805,0.0551907233893871,8791876629.65985,3459,12
2-9_4,bee,2,4,A6-0,,17.1428508758545,0.288831174373627,921747554.654127,14532,12
2-9_5,bee,2,4,A6-0,,13.0434427261353,0.0528295487165451,14881706783.0896,7517,11
2-9_6,bee,2,4,A6-0,,19.2946872711182,0.333750069141388,214039826.762995,18443,14
2-9_7,bee,2,4,A6-0,,18.6883068084717,0.341305196285248,322988308.722516,27675,19
2-9_8,bee,2,4,A6-0,,13.813404083252,0.381763339042664,8825827402.50333,4354,12
2-11_1,bee,2,4,A6-B6,,13.8279876708984,0.117782540619373,8738921575.52256,12706,17
2-11_10,bee,2,4,A6-B6,,16.4846363067627,0.129623278975487,1440718137.19224,31623,13
2-11_2,bee,2,4,A6-B6,,16.1379566192627,0.0342976935207844,1822807850.54896,7708,14
2-11_3,bee,2,4,A6-B6,,18.8680477142334,0.17824923992157,285903559.000817,7470,16
2-11_4,bee,2,4,A6-B6,,13.0251960754395,0.04222472012043,15067104042.4587,3701,11
2-11_5,bee,2,4,A6-B6,,18.3163928985596,0.276867985725403,415704625.613649,24479,13
2-11_6,bee,2,4,A6-B6,,16.8228130340576,0.642991542816162,1145309506.02386,12068,16
2-11_7,bee,2,4,A6-B6,,17.9339427947998,0.042983740568161,538874691.249798,4160,13
2-11_8,bee,2,4,A6-B6,,18.9614009857178,0.0283892452716827,268354944.185854,8046,19
2-11_9,bee,2,4,A6-B6,yes,NA,NA,NA,4232,NA
2-2_1,bee,2,3,B4-0,,12.8739547729492,0.474949806928635,16695467176.2675,7765,11
2-2_10,bee,2,3,B4-0,,13.2155256271362,0.0363949835300446,13241653341.0706,8035,12
2-2_2,bee,2,3,B4-0,,16.0239543914795,0.0675799921154976,1969408563.52716,5745,9
2-2_3,bee,2,3,B4-0,,12.4373435974121,0.0289588328450918,22452362712.4933,8520,11
2-2_4,bee,2,3,B4-0,,13.3349075317383,0.0367867387831211,12211301765.2742,12980,9
2-2_5,bee,2,3,B4-0,,14.3464784622192,0.342728495597839,6147032947.77073,10693,13
2-2_6,bee,2,3,B4-0,,17.3431911468506,0.174615725874901,804589565.364013,2574,12
2-2_7,bee,2,3,B4-0,,16.9766616821289,0.038855817168951,1031776724.65325,6630,11
2-2_9,bee,2,3,B4-0,,16.570291519165,0.350046992301941,1359369677.33974,6101,6
2-2_8,bee,2,3,B4-0,yes,NA,NA,NA,9927,NA
2-4_1,bee,2,3,B4-A4,,14.9507036209106,1.29201912879944,4079514382.60655,3178,13
2-4_10,bee,2,3,B4-A4,,14.7726373672485,0.0622728019952774,4603437082.35994,7532,14
2-4_2,bee,2,3,B4-A4,,11.705060005188,0.0661686137318611,36902537423.5804,4359,8
2-4_3,bee,2,3,B4-A4,,13.4419031143188,0.229914978146553,11356167682.7711,5279,14
2-4_4,bee,2,3,B4-A4,,12.9782257080078,0.0301048345863819,15555046947.8059,6561,14
2-4_5,bee,2,3,B4-A4,,15.6552429199219,0.073136106133461,2529240694.95619,5909,14
2-4_6,bee,2,3,B4-A4,,16.0040225982666,0.137259304523468,1996224837.48211,1983,12
2-4_7,bee,2,3,B4-A4,,17.443208694458,0.17643578350544,751796955.207189,4330,11
2-4_8,bee,2,3,B4-A4,,15.3449668884277,0.0982891619205475,3121938598.5347,4345,13
2-4_9,bee,2,3,B4-A4,,16.5334491729736,0.457396149635315,1393780951.35785,2791,10
2-6_1,bee,2,3,B5-0,,13.9867238998413,0.0231603588908911,7846579846.66147,9918,11
2-6_2,bee,2,3,B5-0,,13.4201898574829,0.120485499501228,11524720536.4754,6513,12
2-6_3,bee,2,3,B5-0,,17.1040477752686,0.164978638291359,946339022.834539,14782,12
2-6_4,bee,2,3,B5-0,,14.2211532592773,0.226712688803673,6692635949.70531,7192,13
2-6_5,bee,2,3,B5-0,,15.9375925064087,0.0583011247217655,2088264542.10445,7329,11
2-6_6,bee,2,3,B5-0,,13.598916053772,0.0337467677891254,10208505885.6265,8278,12
2-6_7,bee,2,3,B5-0,,15.2999753952026,0.102627515792847,3218716664.19772,10096,12
2-6_8,bee,2,3,B5-0,,16.963228225708,0.417916178703308,1041224519.26297,1465,10
2-8_1,bee,2,4,B5-A5,,12.1236114501953,0.309787511825562,27778879054.7573,5402,13
2-8_2,bee,2,4,B5-A5,,16.1453475952148,0.231152400374413,1813689207.0622,3382,12
2-8_3,bee,2,4,B5-A5,,12.8932294845581,0.312773913145065,16478534150.9839,4354,12
2-8_4,bee,2,4,B5-A5,,17.4428997039795,0.0985269770026207,751954595.524511,25616,12
2-8_5,bee,2,4,B5-A5,,18.1699085235596,0.230372190475464,459147097.193381,37514,19
2-8_6,bee,2,4,B5-A5,,17.8623542785645,0.139956668019295,565697116.734169,4406,13
2-8_7,bee,2,4,B5-A5,,13.5672178268433,0.745865106582642,10430454357.5346,3929,16
2-8_8,bee,2,4,B5-A5,,16.3156986236572,0.372919499874115,1615707344.26054,17520,13
2-8_9,bee,2,4,B5-A5,,13.4219360351562,0.0578716099262238,11511073520.9912,9698,11
2-10_1,bee,2,4,B6-0,,16.9886493682861,0.654391348361969,1023418152.50597,5131,11
2-10_10,bee,2,4,B6-0,,15.4350919723511,0.490836501121521,2936741365.14283,6837,12
2-10_2,bee,2,4,B6-0,,14.7213182449341,0.0772981196641922,4766562266.97011,2254,9
2-10_3,bee,2,4,B6-0,,18.1649761199951,0.120417602360249,460686362.630602,26340,12
2-10_4,bee,2,4,B6-0,,12.2483329772949,0.0357481986284256,25524717910.1709,4033,12
2-10_5,bee,2,4,B6-0,,18.0524578094482,0.285054683685303,497236496.109811,10253,9
2-10_6,bee,2,4,B6-0,,11.8266754150391,0.327516555786133,33979563429.9203,8809,13
2-10_7,bee,2,4,B6-0,,17.5547885894775,0.0957286208868027,696978625.894257,5668,11
2-10_8,bee,2,4,B6-0,,14.7007265090942,0.187211334705353,4833629737.76161,5311,6
2-10_9,bee,2,4,B6-0,,12.8677978515625,0.498165249824524,16765362125.5464,9177,11
2-12_1,bee,2,4,B6-A6,,12.8065919876099,0.162319332361221,17476299865.2955,4416,9
2-12_2,bee,2,4,B6-A6,,17.6462955474854,0.0605667121708393,655018525.903255,2973,10
2-12_3,bee,2,4,B6-A6,,14.6933507919312,0.0467775501310825,4857881369.378,3851,11
2-12_4,bee,2,4,B6-A6,,13.757758140564,0.0869668275117874,9165444778.66885,3841,13
2-12_5,bee,2,4,B6-A6,,12.6729001998901,0.441203564405441,19135802038.3907,11314,18
2-12_6,bee,2,4,B6-A6,,16.4107418060303,0.105881944298744,1514798074.86665,2645,11
2-12_7,bee,2,4,B6-A6,,18.7795848846436,0.0897549092769623,303590637.571352,12982,9
2-12_8,bee,2,4,B6-A6,,16.1100025177002,0.147433742880821,1857712871.41887,2867,12
2-12_9,bee,2,4,B6-A6,,13.703987121582,0.161219224333763,9506029226.82249,1980,10
2-0_1,bee,2,3,MD,,22.7926502227783,0.22441802918911,19938463.9178514,97,7
2-0_10,bee,2,3,MD,,25.9160976409912,0.0527648366987705,2394713.27075915,7,2
2-0_2,bee,2,3,MD,,21.9514255523682,0.325319588184357,35284937.7108457,12,3
2-0_3,bee,2,3,MD,,24.2533359527588,0.189445182681084,7400262.91992246,128,11
2-0_4,bee,2,3,MD,,22.7534790039062,0.0757501870393753,20475519.5749153,151,8
2-0_5,bee,2,3,MD,,21.8820648193359,0.0525387711822987,36985290.5997704,356,10
2-0_6,bee,2,3,MD,,23.8487033843994,0.0940569862723351,9738385.34518792,10,5
2-0_7,bee,2,3,MD,,22.0457096099854,0.168884426355362,33098255.522293,172,8
2-0_8,bee,2,3,MD,,24.3694915771484,0.0983775407075882,6839394.28232152,379,4
2-0_9,bee,2,3,MD,,27.3289279937744,0.125159472227097,918145.084762462,2,1
eb-3,bee,2,3,extraction_blank,,29.9553146362305,0.670174300670624,154507.761263413,1471,8
eb-4,blank,2,4,extraction_blank,,26.3688907623291,5.77659606933594,1761251.77786018,681,8
3s-0,aliquot,3,6,MD,,NA,NA,NA,14,NA
3s-3,aliquot,3,6,MD,,30.2194213867188,0.26455882191658,129158.077839366,149,1
3a-0,bacteria,3,6,A1,,21.3579025268555,0.0478415414690971,52782827.6077441,2551,12
3a-3,bacteria,3,6,A1,,20.7948551177979,0.0675179958343506,77341963.2839362,12023,12
3b-0,bacteria,3,6,B1,,21.0480651855469,0.037720400840044,65132473.5989854,19059,13
3b-3,bacteria,3,6,B1,,20.9425754547119,0.0642855390906334,69965506.8745998,2697,12
am1,bacteria,3,6,dropout_community,,21.4873523712158,0.0509056523442268,48344326.4953073,1667,11
am4,bacteria,3,6,dropout_community,,20.3104953765869,0.138388007879257,107435925.474525,1771,10
am6,bacteria,3,6,dropout_community,,21.6018314361572,0.0646471828222275,44731150.1459699,6889,12
am7,bacteria,3,6,dropout_community,,20.8332233428955,0.0859462842345238,75354395.3676488,4976,11
bm1,bacteria,3,6,dropout_community,,20.7754230499268,0.137011617422104,78368505.1228726,3636,11
bm4,bacteria,3,6,dropout_community,,21.8682727813721,0.318378001451492,37333040.7619482,793,8
bm6,bacteria,3,6,dropout_community,,21.2682495117188,0.116187460720539,56093455.7361529,2148,10
bm7,bacteria,3,6,dropout_community,,22.6270351409912,0.182509705424309,22309829.2351213,218,2
3-1_1,bee,3,5,A1-0,,14.3097200393677,0.201515033841133,6302280902.70205,5061,10
3-1_10,bee,3,5,A1-0,,13.8539876937866,0.238375052809715,8586100804.18683,4387,10
3-1_2,bee,3,5,A1-0,,15.0354490280151,0.0246560350060463,3851546368.41414,3478,8
3-1_3,bee,3,5,A1-0,,15.2600622177124,0.0682577341794968,3307079445.39323,7922,11
3-1_4,bee,3,5,A1-0,,15.408221244812,0.168625399470329,2990777773.62162,11966,9
3-1_5,bee,3,5,A1-0,,14.2734451293945,0.0423353649675846,6459330215.65367,6445,10
3-1_6,bee,3,5,A1-0,,14.4430360794067,0.0753460302948952,5757199813.67247,5433,10
3-1_7,bee,3,5,A1-0,,14.4154052734375,0.287035703659058,5866157668.34022,7324,10
3-1_8,bee,3,5,A1-0,,14.4552993774414,0.134630426764488,5709492052.52623,4309,10
3-1_9,bee,3,5,A1-0,,15.193507194519,0.142057865858078,3459851852.58674,10446,9
3-3_1,bee,3,5,A1-B1,,15.9673128128052,0.265119314193726,2046573458.78868,4225,15
3-3_2,bee,3,5,A1-B1,,14.8939657211304,0.0373309254646301,4239634023.53451,3566,14
3-3_3,bee,3,5,A1-B1,,16.75119972229,0.0893198400735855,1202337383.23266,5421,10
3-3_4,bee,3,5,A1-B1,,15.6870527267456,0.0459944829344749,2475233854.18253,19433,9
3-3_5,bee,3,5,A1-B1,,15.1583490371704,0.396011799573898,3543383363.89374,9988,18
3-3_6,bee,3,5,A1-B1,,14.4959344863892,0.137925714254379,5554217080.63865,8275,18
3-3_7,bee,3,5,A1-B1,,14.3028898239136,0.0543573945760727,6331557125.77438,4580,14
3-3_8,bee,3,5,A1-B1,,14.4163513183594,0.0485909581184387,5862393212.41204,8824,15
3-3_9,bee,3,5,A1-B1,,14.503270149231,0.031839732080698,5526639388.9513,2398,13
3-5_1,bee,3,5,Am1-B1,,14.9985914230347,0.450586259365082,3949085839.02951,2262,14
3-5_2,bee,3,5,Am1-B1,,15.0878343582153,0.0378672666847706,3717045476.51534,9899,16
3-5_3,bee,3,5,Am1-B1,,15.095386505127,0.10854921489954,3698046415.66977,4743,17
3-5_4,bee,3,5,Am1-B1,,14.1291055679321,0.0807806178927422,7123975633.43122,8362,12
3-5_5,bee,3,5,Am1-B1,,14.3391647338867,1.16079998016357,6177614431.51376,17850,16
3-5_6,bee,3,5,Am1-B1,,15.3589601516724,0.183302193880081,3092436066.42816,9938,13
3-5_7,bee,3,5,Am1-B1,,14.8155250549316,0.076902948319912,4471402691.39558,14487,15
3-5_8,bee,3,5,Am1-B1,,15.2123079299927,0.0367383547127247,3415994618.69924,13069,19
3-5_9,bee,3,5,Am1-B1,,14.6269683837891,0.0560020618140697,5081698713.48874,9984,11
3-5_10,bee,3,5,Am1-B1,yes,NA,NA,NA,2,NA
3-7_1,bee,3,5,Am4-B1,,14.9230985641479,0.0972471684217453,4156648585.35503,20193,15
3-7_2,bee,3,5,Am4-B1,,14.8290014266968,0.163372352719307,4430701348.41941,12404,14
3-7_3,bee,3,5,Am4-B1,,14.9038820266724,0.0789482146501541,4211202894.97968,12901,16
3-7_4,bee,3,5,Am4-B1,,15.0416994094849,0.0456675626337528,3835246010.49883,12309,17
3-7_5,bee,3,5,Am4-B1,,14.4969511032104,0.116486206650734,5550387012.76276,18702,18
3-7_6,bee,3,5,Am4-B1,,14.6430807113647,0.135110974311829,5026443733.322,15490,15
3-7_7,bee,3,5,Am4-B1,,14.5113744735718,0.206202000379562,5496331165.31125,14933,17
3-7_8,bee,3,5,Am4-B1,,15.2656335830688,0.0439345575869083,3294600964.01963,25450,19
3-7_9,bee,3,5,Am4-B1,,15.0079107284546,0.120386824011803,3924192461.95583,14887,19
3-9_1,bee,3,6,Am6-B1,,14.5127534866333,0.383234411478043,5491190560.57911,428,12
3-9_10,bee,3,6,Am6-B1,,13.9577741622925,0.0397810973227024,8002238645.42655,615,13
3-9_2,bee,3,6,Am6-B1,,14.256781578064,0.105663970112801,6532779698.05857,355,11
3-9_3,bee,3,6,Am6-B1,,14.9537734985352,0.332402676343918,4071025443.91373,1476,14
3-9_4,bee,3,6,Am6-B1,,13.4732236862183,0.0308524761348963,11117369570.7674,1018,14
3-9_5,bee,3,6,Am6-B1,,14.2880907058716,0.0516989603638649,6395457713.43676,399,13
3-9_6,bee,3,6,Am6-B1,,14.2653093338013,0.0497386865317822,6495087368.83419,1419,16
3-9_7,bee,3,6,Am6-B1,,14.3879127502441,0.240287721157074,5976616788.83836,581,8
3-9_8,bee,3,6,Am6-B1,,15.0256042480469,0.351902157068253,3877361160.24234,977,12
3-9_9,bee,3,6,Am6-B1,,13.0518980026245,0.612533450126648,14796571136.9035,1079,13
3-11_1,bee,3,6,Am7-B1,,14.4257545471191,0.0612979456782341,5825107427.25495,1694,15
3-11_10,bee,3,6,Am7-B1,,13.8335037231445,0.0849590077996254,8706274083.41471,979,12
3-11_2,bee,3,6,Am7-B1,,14.0457181930542,0.0510402396321297,7538684521.53094,1431,15
3-11_3,bee,3,6,Am7-B1,,14.9596357345581,0.0265961289405823,4054864015.0806,891,13
3-11_4,bee,3,6,Am7-B1,,14.7325315475464,0.0265575628727674,4730432615.8204,665,13
3-11_5,bee,3,6,Am7-B1,,13.893702507019,0.470361679792404,8357811245.33489,1068,14
3-11_6,bee,3,6,Am7-B1,,14.1321716308594,0.0839055776596069,7109169968.50938,319563,21
3-11_7,bee,3,6,Am7-B1,,14.0698556900024,0.172493353486061,7416219441.93057,1692,14
3-11_8,bee,3,6,Am7-B1,,13.2453966140747,0.10164250433445,12975964054.6239,2314,12
3-11_9,bee,3,6,Am7-B1,,16.7353610992432,0.443177402019501,1215328775.34699,997,12
3-2_1,bee,3,5,B1-0,,15.414680480957,0.00608021346852183,2977698306.76562,6770,11
3-2_2,bee,3,5,B1-0,,15.3409357070923,0.0413684137165546,3130489795.448,16282,14
3-2_3,bee,3,5,B1-0,,14.7986764907837,0.131680339574814,4522815068.04282,13504,13
3-2_4,bee,3,5,B1-0,,14.5122261047363,0.0433981791138649,5493155936.15343,13024,12
3-2_5,bee,3,5,B1-0,,14.8584394454956,0.146650776267052,4343076578.00579,12909,12
3-2_6,bee,3,5,B1-0,,20.4200420379639,10.6332921981812,99739593.4012654,8209,12
3-2_7,bee,3,5,B1-0,,14.2137298583984,0.422950267791748,6726432352.38396,62921,13
3-2_8,bee,3,5,B1-0,,14.7309904098511,0.122766688466072,4735381935.57015,12451,12
3-2_9,bee,3,5,B1-0,,16.0788745880127,0.13843084871769,1897368012.98011,13665,12
3-4_1,bee,3,5,B1-A1,,14.4706163406372,0.286793291568756,5650459527.93869,6876,13
3-4_10,bee,3,5,B1-A1,,15.5022630691528,0.134830385446548,2805894105.44805,5637,10
3-4_2,bee,3,5,B1-A1,,14.1749954223633,0.0449382700026035,6905566296.76473,13022,15
3-4_3,bee,3,5,B1-A1,,14.9141798019409,0.343993633985519,4181879836.68713,8576,16
3-4_4,bee,3,5,B1-A1,,14.1735734939575,0.00512700760737062,6912232256.25752,7749,21
3-4_5,bee,3,5,B1-A1,,14.7233123779297,0.0579800568521023,4760116988.08698,19610,20
3-4_6,bee,3,5,B1-A1,,15.4535827636719,0.231406301259995,2900124963.38505,7103,12
3-4_7,bee,3,5,B1-A1,,15.1146860122681,0.11000482738018,3649934335.02217,7917,14
3-4_8,bee,3,5,B1-A1,,14.9613723754883,0.0188293550163507,4050088649.97179,4511,15
3-4_9,bee,3,5,B1-A1,,15.1487302780151,0.0774639472365379,3566585679.80191,13085,15
3-6_1,bee,3,5,Bm1-A1,,14.6141891479492,0.366986185312271,5125954922.13817,1899,13
3-6_2,bee,3,5,Bm1-A1,,15.4294557571411,0.0315925553441048,2947994152.28652,3388,16
3-6_3,bee,3,5,Bm1-A1,,14.9458818435669,0.0195702854543924,4092883489.12269,4522,10
3-6_4,bee,3,5,Bm1-A1,,14.630805015564,0.0777780115604401,5068486670.89233,5810,14
3-6_5,bee,3,5,Bm1-A1,,14.7651243209839,0.0831401124596596,4626964911.35184,14099,17
3-6_6,bee,3,5,Bm1-A1,,14.8039579391479,0.278663009405136,4506635756.88614,18084,15
3-6_7,bee,3,5,Bm1-A1,,14.433235168457,0.065907895565033,5795614629.68062,11723,17
3-6_8,bee,3,5,Bm1-A1,,15.6639022827148,0.00915556587278843,2514423126.77683,18780,18
3-6_9,bee,3,5,Bm1-A1,,15.7084589004517,0.0641984567046165,2439541010.06204,11454,13
3-6_10,bee,3,5,Bm1-A1,yes,NA,NA,NA,1455,NA
3-8_1,bee,3,6,Bm4-A1,,13.4417028427124,0.178695783019066,11357711005.6684,335,5
3-8_2,bee,3,6,Bm4-A1,,15.2668256759644,0.0976507365703583,3291937091.74144,1334,10
3-8_3,bee,3,6,Bm4-A1,,14.5401153564453,0.0177098922431469,5390180868.07106,1903,8
3-8_4,bee,3,6,Bm4-A1,,14.8376665115356,0.296371847391129,4404726962.28995,581,10
3-8_5,bee,3,6,Bm4-A1,,15.4072427749634,0.0899991169571877,2992764105.8241,1435,8
3-8_6,bee,3,6,Bm4-A1,,13.3242750167847,0.102882295846939,12299719961.3701,348,7
3-8_8,bee,3,6,Bm4-A1,,14.0887784957886,0.0558040142059326,7321604647.34592,241,9
3-8_9,bee,3,6,Bm4-A1,,13.366530418396,0.146000176668167,11952069832.2182,691,9
3-8_7,bee,3,6,Bm4-A1,yes,15.4774475097656,0.163452208042145,2853540824.00496,5,1
3-10_1,bee,3,6,Bm6-A1,,15.7304000854492,0.0181866846978664,2403490165.86041,1973,8
3-10_2,bee,3,6,Bm6-A1,,15.3073053359985,0.133855253458023,3202747589.30279,518,9
3-10_3,bee,3,6,Bm6-A1,,15.724536895752,0.063915029168129,2413071292.83629,2116,10
3-10_4,bee,3,6,Bm6-A1,,16.0010375976562,0.0179261453449726,2000272179.31435,1484,9
3-10_5,bee,3,6,Bm6-A1,,15.211236000061,0.0548133626580238,3418480140.85992,1446,11
3-10_6,bee,3,6,Bm6-A1,,15.3683137893677,0.144925057888031,3072871063.41573,454011,21
3-10_8,bee,3,6,Bm6-A1,,14.7948303222656,0.0708486214280128,4534634050.33835,2505,13
3-10_7,bee,3,6,Bm6-A1,yes,16.4793567657471,0.057085208594799,1445888600.27405,104,1
3-12_2,bee,3,6,Bm7-A1,,14.1398468017578,0.113551013171673,7072242233.53555,991,9
3-12_3,bee,3,6,Bm7-A1,,16.4093227386475,0.0582231134176254,1516257369.48826,1181,14
3-12_4,bee,3,6,Bm7-A1,,13.901237487793,0.263783514499664,8315188534.88589,1332,13
3-12_5,bee,3,6,Bm7-A1,,14.8521070480347,0.453450560569763,4361778021.7896,5245,11
3-12_6,bee,3,6,Bm7-A1,,14.0447683334351,0.0661064311861992,7543544910.98651,2838,12
3-12_1,bee,3,6,Bm7-A1,yes,NA,NA,NA,242,NA
3-0_1,bee,3,5,MD,,26.5139217376709,0.251411408185959,1596183.27522592,12,2
3-0_2,bee,3,5,MD,,27.4147129058838,0.0244694128632545,866226.862397299,45,1
3-0_3,bee,3,5,MD,,27.934606552124,0.0749440789222717,608731.735592315,190,3
3-0_4,bee,3,5,MD,,27.9234008789062,0.111512832343578,613377.873931983,17,3
3-0_5,bee,3,5,MD,,25.8682460784912,0.0941366106271744,2473743.90034858,356,2
3-0_6,bee,3,5,MD,,26.6444339752197,0.250178456306458,1460906.91668334,373,2
3-0_7,bee,3,5,MD,,21.4276485443115,0.285824716091156,50343039.5710007,11572,3
3-0_8,bee,3,5,MD,,19.7735157012939,0.075764112174511,154664362.952966,47526,3
3-0_9,bee,3,5,MD,,26.1673812866211,0.0765415132045746,2019312.76967262,1348,6
eb-5,blank,3,5,extraction_blank,,32.5002593994141,0.648347973823547,27478.2530471946,642,3
eb-6,blank,3,6,extraction_blank,,28.0827693939209,0.154378041625023,550508.889347954,187,9
am10,bacteria,none,6,dropout_community,,19.6667003631592,0.232287257909775,166290449.982861,252,3
am2,bacteria,none,6,dropout_community,,19.4996566772461,0.179556176066399,186248527.743919,1,0
am3,bacteria,none,6,dropout_community,,19.8129386901855,0.0291077997535467,150581919.742883,150,1
am5,bacteria,none,6,dropout_community,,20.0269088745117,0.0933962315320969,130232290.307476,304,2
am8,bacteria,none,6,dropout_community,,19.5786724090576,0.157751739025116,176525710.901205,37,1
am9,bacteria,none,6,dropout_community,,19.7742748260498,0.0634840726852417,154584716.273041,159,1
bm10,bacteria,none,6,dropout_community,,20.2981147766113,0.0586967021226883,108342268.942185,922,11
bm2,bacteria,none,6,dropout_community,,19.589807510376,0.109078429639339,175196975.196905,1783,11
bm3,bacteria,none,6,dropout_community,,20.6843643188477,0.0428696423768997,83363387.258943,19658,12
bm5,bacteria,none,6,dropout_community,,20.3349418640137,0.290302008390427,105668483.921109,21466,12
bm8,bacteria,none,6,dropout_community,,20.4765472412109,0.137148752808571,95987850.3702073,1079,10
bm9,bacteria,none,6,dropout_community,,20.1622180938721,0.0343328304588795,118807774.610222,911,10
1-13,aliquot,pilot,1,alq-A,,24.98508644104,0.275068789720535,50045.791147461,2873,11
1-14,aliquot,pilot,1,alq-A,,21.8408508300781,0.133124262094498,422602.184153777,5190,12
1-15,aliquot,pilot,2,alq-A,,21.9444904327393,0.153641685843468,393904.128493176,14159,12
1-19,aliquot,pilot,2,alq-AB,,21.9065036773682,0.167858675122261,404189.215306975,10975,21
1-16,aliquot,pilot,2,alq-B,,23.0165481567383,0.169065788388252,190313.440676371,5577,12
1-17,aliquot,pilot,1,alq-B,,23.3574066162109,0.254894137382507,151016.024113182,1113,12
1-18,aliquot,pilot,1,alq-B,,22.7405605316162,0.13391450047493,229508.789582893,1272,11
1-20,aliquot,pilot,2,alq-SW,,30.1418380737305,0.247410044074059,1512.66176066061,1,1
1-21,aliquot,pilot,1,alq-SW,,29.5335102081299,0.672973573207855,2285.64045057833,3,1
1-22,aliquot,pilot,1,alq-SW,,29.3226070404053,0.181550562381744,2637.29223453412,4,1
1-10,bee,pilot,1,0-3,,26.3890914916992,0.190440878272057,386061.101967641,2,1
2-10,bee,pilot,3,0-3,,25.4941806793213,0.281932175159454,708556.183310021,45,5
2-22,bee,pilot,3,0-3,,24.8207473754883,0.234122037887573,1118989.67505427,70,8
3-10,bee,pilot,5,0-3,,24.6650314331055,0.199434712529182,1243693.84409419,26,2
3-21,bee,pilot,5,0-3,,24.4071254730225,0.192834511399269,1481545.25353661,176,7
1-4,bee,pilot,2,A-0,,16.8813724517822,0.117736086249352,244598435.263953,6399,12
2-16,bee,pilot,4,A-0,,24.9419403076172,0.171810030937195,1030652.22044559,888,7
2-4,bee,pilot,4,A-0,,25.2566242218018,0.114784590899944,832489.956798541,1,1
3-16,bee,pilot,6,A-0,,26.3604564666748,0.257038921117783,393635.63277792,28,3
1-8,bee,pilot,2,A-3,,17.2384128570557,0.213345497846603,191972332.948496,13038,11
2-20,bee,pilot,4,A-3,,17.3780612945557,0.213586926460266,174616836.555386,9703,11
2-8,bee,pilot,4,A-3,,17.1211986541748,0.20104156434536,207864392.543225,6963,11
3-20,bee,pilot,6,A-3,,18.2599601745605,0.223851203918457,95984766.37411,4865,11
3-8,bee,pilot,6,A-3,,16.0937805175781,0.146563723683357,417394270.0895,12811,11
1-11,bee,pilot,2,A-3_14,,22.1237888336182,0.133359864354134,6975634.03241813,1735,8
1-24,bee,pilot,2,A-3_14,,18.2180328369141,0.163385465741158,98754691.7523045,5453,9
2-11,bee,pilot,4,A-3_14,,18.9540500640869,0.256273806095123,59932625.801843,12626,11
2-23,bee,pilot,4,A-3_14,,17.1559829711914,0.0546734780073166,203015701.212315,13342,11
3-11,bee,pilot,6,A-3_14,,16.4739208221436,0.0856706276535988,322495916.395263,11922,10
1-1,bee,pilot,1,AB-0,,16.1378650665283,0.116221271455288,405093575.790635,10673,18
2-1,bee,pilot,3,AB-0,,16.0912532806396,0.094429187476635,418110646.011987,8316,16
2-13,bee,pilot,3,AB-0,,15.8089075088501,0.124798342585564,506401225.658971,10550,19
3-1,bee,pilot,5,AB-0,,15.0136451721191,0.141166016459465,868656195.629577,9129,19
3-13,bee,pilot,5,AB-0,,16.5892467498779,0.0348337106406689,298221679.303324,11907,17
1-2,bee,pilot,1,AB-1,,19.8772773742676,0.180240079760551,32033217.770022,2121,14
2-14,bee,pilot,3,AB-1,,16.0736446380615,0.140645295381546,423136273.743775,6045,17
2-2,bee,pilot,3,AB-1,,15.6683168411255,0.240479022264481,557089454.401231,8559,13
3-14,bee,pilot,5,AB-1,,15.9465990066528,0.0457241535186768,461231442.127421,10062,16
3-2,bee,pilot,5,AB-1,,14.7323799133301,0.158699914813042,1051315412.27719,11562,15
1-6,bee,pilot,1,AB-3,,17.5505180358887,0.195792004466057,155333604.85898,3626,11
2-18,bee,pilot,3,AB-3,,15.8357019424438,0.204952016472816,497277474.27429,9321,16
2-6,bee,pilot,3,AB-3,,15.3486528396606,0.202049687504768,692031149.004419,16152,18
3-18,bee,pilot,5,AB-3,,18.3745174407959,0.244366869330406,88806308.5813504,9053,12
3-6,bee,pilot,5,AB-3,,16.6400394439697,0.179778456687927,288118592.059542,6267,12
1-5,bee,pilot,1,B-0,,26.2200222015381,0.11574675142765,432990.6361151,231,9
2-17,bee,pilot,3,B-0,,15.9573049545288,0.12750281393528,457893001.570731,12180,12
2-5,bee,pilot,3,B-0,,14.6597414016724,0.183468252420425,1104431103.66824,11357,11
3-17,bee,pilot,5,B-0,,15.397759437561,0.262564152479172,669352030.78125,11095,12
3-5,bee,pilot,5,B-0,,17.3430042266846,0.127249255776405,178820360.076779,6263,7
1-9,bee,pilot,1,B-3,,16.5098094940186,0.121318086981773,314737367.629176,6392,13
2-21,bee,pilot,3,B-3,,15.9319791793823,0.0751569718122482,465829698.422952,14954,11
2-9,bee,pilot,3,B-3,,17.1160469055176,0.145798489451408,208592289.9571,11328,13
3-9,bee,pilot,5,B-3,,17.1434631347656,0.201464742422104,204747711.291068,7408,12
1-12,bee,pilot,2,B-3_14,,18.1490497589111,0.272431641817093,103487078.835491,1920,7
1-23,bee,pilot,2,B-3_14,,18.7720890045166,0.0373963117599487,67808602.8397477,4572,10
2-12,bee,pilot,4,B-3_14,,16.1503448486328,0.138813778758049,401677708.762043,3974,12
2-24,bee,pilot,4,B-3_14,,16.8706607818604,0.154140010476112,246382728.451612,13428,12
3-12,bee,pilot,6,B-3_14,,15.1044540405273,0.263667792081833,816747403.864226,12320,11
1-3,bee,pilot,2,BA-1,,17.5064010620117,0.190470620989799,160053841.866073,10853,20
2-15,bee,pilot,4,BA-1,,16.8839225769043,0.130342945456505,244175556.781839,8072,13
2-3,bee,pilot,4,BA-1,,15.2450876235962,0.0745852291584015,742411903.986388,15734,18
3-15,bee,pilot,6,BA-1,,15.1551866531372,0.0570147447288036,789109987.867341,14707,19
3-3,bee,pilot,6,BA-1,,19.56982421875,0.234294086694717,39464163.224776,6818,17
1-7,bee,pilot,2,BA-3,,17.8759174346924,0.136212319135666,124558844.501985,7844,18
2-19,bee,pilot,4,BA-3,,16.1120128631592,0.0773389562964439,412262330.980996,14944,17
2-7,bee,pilot,4,BA-3,,16.0736770629883,0.102714918553829,423126964.152894,1,1
3-19,bee,pilot,6,BA-3,,16.1507987976074,0.135969027876854,401554001.840829,7692,18
3-7,bee,pilot,6,BA-3,,16.1269931793213,0.143941357731819,408093009.659895,11068,18
